,status,duration,credit_history,purpose,amount,savings,employment_duration,installment_rate,personal_status_sex,other_debtors,present_residence,property,age,other_installment_plans,housing,number_credits,job,people_liable,telephone,foreign_worker
785,3,18,3,10,1941,5,3,4,5,1,2,3,35,3,3,1,2,1,2,1
873,1,15,3,5,874,1,2,4,2,1,1,4,24,3,3,1,3,1,1,1
65,1,27,3,6,5190,1,5,4,5,1,4,3,48,3,3,4,3,2,2,1
902,1,36,1,2,10477,1,5,2,5,1,4,1,42,3,1,2,3,1,1,1
317,3,24,3,3,4351,1,3,1,2,1,4,3,48,3,3,1,2,1,2,1
636,1,24,3,4,1376,4,4,4,2,1,1,2,28,3,3,1,3,1,1,1
666,3,30,4,3,3496,5,3,4,5,1,2,2,34,2,3,1,3,2,2,1
789,2,40,1,7,5998,2,3,4,5,1,3,1,27,1,3,1,3,1,2,1
958,2,28,3,1,4006,2,3,3,5,1,2,2,45,3,3,1,2,1,1,1
214,1,36,1,4,3342,1,5,4,5,1,2,2,51,3,3,1,3,1,2,1
97,3,18,3,10,2622,3,3,4,5,1,4,2,34,3,3,1,3,1,1,1
583,3,36,3,6,2384,2,2,4,5,1,1,1,33,3,2,1,2,1,1,1
466,2,24,0,4,1659,2,2,4,2,1,2,2,29,3,2,1,2,1,2,1
523,1,24,3,2,3488,3,4,3,2,1,4,2,23,3,3,1,3,1,1,1
255,3,60,0,4,7418,1,3,1,5,1,1,4,27,3,3,1,2,1,1,1
385,1,18,1,4,2238,2,3,2,2,1,1,2,25,3,3,2,3,1,1,1
545,2,24,0,1,1333,2,1,4,5,1,2,4,43,3,1,2,3,2,1,1
382,1,22,3,1,1283,1,4,4,2,1,4,3,25,3,2,1,3,1,1,1
489,1,6,3,1,3518,2,3,2,5,3,3,3,26,3,2,1,3,1,1,1
513,3,12,0,4,585,2,3,4,3,2,4,4,20,3,2,2,3,1,1,1
780,3,39,1,4,4933,2,4,2,5,3,2,4,25,3,3,2,3,1,1,1
904,1,24,3,4,1278,2,5,4,5,1,1,4,36,3,3,1,4,1,2,1
122,1,12,3,3,1768,2,3,3,5,1,2,4,24,3,2,1,2,1,1,1
946,2,24,4,3,3349,4,2,4,5,1,4,1,30,3,1,1,3,2,2,1
60,3,9,3,10,1391,2,3,2,3,1,1,4,27,1,3,1,3,1,2,1
844,1,18,3,3,3422,2,5,4,5,1,4,3,47,1,3,3,3,2,2,1
372,1,10,1,3,2146,2,2,1,2,1,3,4,23,3,2,2,3,1,1,1
283,1,15,1,3,1520,1,5,4,5,1,4,3,63,3,3,1,3,1,1,1
939,1,24,1,2,6842,1,3,2,5,1,4,3,46,3,3,2,4,2,2,1
608,1,18,3,4,2051,2,2,4,5,1,1,4,33,3,3,1,3,1,1,1
495,2,24,3,3,2996,1,3,2,3,1,4,2,20,3,3,1,3,1,1,1
630,2,24,3,4,3660,2,3,2,2,1,4,2,28,3,3,1,3,1,1,1
596,2,24,3,1,1442,2,4,4,2,1,4,2,23,3,2,2,3,1,1,1
713,2,9,1,4,1138,2,3,4,5,1,4,4,25,3,3,2,2,1,1,1
753,1,30,1,4,5771,2,4,4,2,1,2,2,25,3,3,2,3,1,1,1
624,2,18,3,4,2600,2,3,4,5,1,4,1,65,3,1,2,3,1,1,1
312,4,24,3,3,3749,2,2,2,2,1,4,2,26,3,3,1,3,1,1,1
8,1,12,3,4,3059,5,4,2,1,1,4,4,61,3,3,1,2,1,1,1
529,2,6,3,1,662,2,2,3,5,1,4,4,41,3,3,1,2,2,2,1
876,2,18,4,4,1940,2,2,3,5,2,4,1,36,1,1,1,4,1,2,1
101,3,36,3,4,2323,2,4,4,5,1,4,2,24,3,2,1,3,1,1,1
615,3,48,2,10,12204,1,3,2,5,1,2,2,48,1,3,1,4,1,2,1
520,1,24,1,6,5507,2,5,3,5,1,4,1,44,3,1,2,3,1,1,1
249,1,18,3,4,433,2,1,3,2,2,4,4,22,3,2,1,3,1,1,1
278,1,6,3,3,4611,2,2,1,2,1,4,3,32,3,3,1,3,1,1,1
424,3,12,3,3,2762,1,5,1,2,1,2,3,25,1,3,1,3,1,2,1
384,1,30,0,10,4272,3,3,2,5,1,2,3,26,3,3,2,2,1,1,1
395,3,39,0,7,11760,3,4,2,5,1,3,1,32,3,2,1,3,1,2,1
54,3,36,0,1,2225,2,5,4,5,1,4,1,57,1,1,2,3,1,2,1
34,4,12,3,3,1474,2,2,4,2,1,1,3,33,1,3,1,4,1,2,1
271,1,12,1,3,1402,4,4,3,2,1,4,2,37,3,2,1,3,1,2,1
30,3,18,3,10,1913,5,2,3,3,1,3,4,36,1,3,1,3,1,2,1
403,1,14,0,1,802,2,3,4,5,1,2,2,27,3,3,2,2,1,1,1
757,4,15,1,4,1271,1,3,3,5,1,4,1,39,3,1,2,3,1,2,1
975,4,24,3,4,1258,4,3,3,2,1,3,2,57,3,3,1,2,1,1,1
990,1,12,1,7,3565,1,2,2,5,1,1,3,37,3,3,2,2,2,1,1
457,2,12,3,2,3386,2,5,3,5,1,4,1,35,3,1,1,3,1,2,1
362,4,12,0,1,2247,2,3,2,2,1,2,2,36,2,3,2,3,1,2,1
860,1,24,1,2,5804,5,3,4,5,1,2,4,27,3,3,2,3,1,1,1
483,1,15,0,3,960,5,4,3,2,1,2,3,30,3,3,2,3,1,1,1
580,3,18,1,1,1056,2,5,3,5,3,3,4,30,1,3,2,3,1,1,1
986,4,42,2,10,6289,2,2,2,1,1,1,3,33,3,3,2,3,1,1,1
688,1,9,3,4,2753,3,5,3,5,2,4,2,35,3,3,1,3,1,2,1
864,1,10,3,3,2210,2,3,2,5,1,2,4,25,1,2,1,2,1,1,1
927,2,48,3,2,10297,2,4,4,5,1,4,1,39,2,1,3,3,2,2,1
378,3,36,3,1,14318,2,5,4,5,1,2,1,57,3,1,1,4,1,2,1
320,3,30,1,1,4249,2,1,4,3,1,2,2,28,3,3,2,4,1,1,1
942,1,24,3,3,929,1,4,4,5,1,2,2,31,2,3,1,3,1,2,1
351,3,9,3,3,959,2,3,1,2,1,2,2,29,3,3,1,3,1,1,2
418,1,21,3,1,2782,4,4,1,2,1,2,2,31,1,3,1,4,1,1,1
945,3,48,2,1,8358,4,2,1,2,1,1,2,30,3,3,2,3,1,1,1
795,1,9,3,3,2301,3,2,2,2,1,4,3,22,3,2,1,3,1,1,1
145,3,48,4,10,3566,3,4,4,5,1,2,2,30,3,3,1,3,1,1,1
826,2,18,1,1,3966,2,5,1,2,1,4,4,33,1,2,3,3,1,2,1
492,1,6,1,4,1237,3,3,1,2,1,1,3,27,3,3,2,3,1,1,1
751,2,18,3,1,976,2,2,1,2,1,2,2,23,3,3,1,2,1,1,1
240,2,24,3,1,915,1,5,4,2,1,2,2,29,1,3,1,3,1,1,1
648,4,24,3,1,947,2,4,4,5,1,3,1,38,1,1,1,3,2,1,1
886,3,24,1,10,2825,1,4,4,5,1,3,1,34,3,3,2,3,2,2,1
144,1,21,1,3,2288,2,2,4,2,1,4,3,23,3,3,1,3,1,2,1
767,1,10,3,2,2901,1,2,1,2,1,4,4,31,3,2,1,3,1,1,1
999,3,45,1,2,4576,3,1,3,5,1,4,2,27,3,3,1,3,1,1,1
467,1,48,0,4,7238,1,5,3,5,1,3,2,32,1,3,2,3,2,1,1
315,2,36,4,3,2746,2,5,4,5,1,4,2,31,1,3,1,3,1,1,1
989,3,24,1,4,1743,2,5,4,5,1,2,3,48,3,3,2,2,1,1,1
922,2,9,3,4,1366,2,2,3,2,1,4,3,22,3,2,1,3,1,1,1
717,1,18,3,4,1505,2,3,4,5,1,2,1,32,3,1,1,4,1,2,1
458,2,6,3,5,343,2,2,4,2,1,1,4,27,3,3,1,3,1,1,1
773,1,24,1,4,2223,3,5,4,5,1,4,3,52,1,3,2,3,1,1,1
204,1,12,1,1,1495,2,5,4,5,1,1,4,38,3,3,2,2,2,1,1
834,4,15,3,4,2327,2,2,2,2,1,3,4,25,3,3,1,2,1,1,1
832,2,45,2,10,11816,2,5,2,5,1,4,2,29,3,2,2,3,1,1,1
435,3,12,3,4,1484,1,3,2,3,1,1,4,25,3,3,1,3,1,2,1
5,1,36,3,7,9055,1,3,2,5,1,4,1,35,3,1,1,2,2,2,1
769,1,12,1,4,1655,2,5,2,5,1,4,4,63,3,3,2,2,1,2,1
679,1,18,3,4,1453,2,2,3,2,1,1,4,26,3,3,1,3,1,1,1
722,2,12,3,1,1228,2,3,4,2,1,2,4,24,3,3,1,2,1,1,1
215,3,6,1,9,932,1,4,1,2,1,3,3,39,3,3,2,2,1,1,1
653,3,36,0,1,8086,3,5,2,5,1,4,2,42,3,3,4,4,1,2,1
150,1,6,3,4,1346,3,5,2,5,1,4,1,42,1,1,1,3,2,2,1
687,3,36,0,1,2862,3,5,4,5,1,3,1,30,3,1,1,3,1,1,1
500,2,24,3,1,3123,2,2,4,2,1,1,3,27,3,3,1,3,1,1,1
332,3,60,3,1,7408,3,2,4,2,1,2,3,24,3,3,1,4,1,1,1
979,3,15,4,1,1264,3,3,2,3,1,2,3,25,3,2,1,3,1,1,1
817,1,6,1,4,1554,2,4,1,2,1,2,2,24,3,2,2,3,1,2,1
620,3,21,1,10,3652,2,4,2,5,1,3,3,27,3,3,2,3,1,1,1
814,2,48,3,1,3931,2,4,4,5,1,4,1,46,3,1,1,3,2,1,1
516,2,6,1,1,1361,2,2,2,5,1,4,4,40,3,3,1,2,2,1,2
518,2,6,3,1,1203,3,5,3,5,1,2,3,43,3,3,1,3,1,2,1
940,1,12,3,1,3527,1,2,2,5,1,3,3,45,3,3,1,4,2,2,1
113,1,36,1,1,7855,2,3,4,2,1,2,4,25,2,3,2,3,1,2,1
612,2,21,3,4,3357,5,2,4,2,1,2,2,29,1,3,1,3,1,1,1
37,4,18,3,4,2100,2,3,4,5,2,2,4,37,2,3,1,3,1,1,1
894,1,18,1,4,1169,1,3,4,5,1,3,3,29,3,3,2,3,1,2,1
895,1,36,0,2,8947,1,4,3,5,1,2,2,31,2,3,1,4,2,2,1
992,2,18,3,4,1936,1,4,2,3,1,4,2,23,3,2,2,2,1,1,1
158,3,24,3,1,3512,3,4,2,5,1,3,2,38,1,3,2,3,1,2,1
154,3,24,0,10,6967,3,4,4,5,1,4,2,36,3,2,1,4,1,2,1
40,1,30,3,4,2333,4,5,4,5,1,2,2,30,1,3,1,4,1,1,1
585,2,18,3,3,2039,2,3,1,2,1,4,4,20,1,2,1,3,1,1,1
805,2,36,3,1,9271,2,4,2,5,1,1,2,24,3,3,1,3,1,2,1
592,1,21,3,10,1572,5,5,4,2,1,4,4,36,1,3,1,2,1,1,1
964,3,6,3,6,454,2,2,3,3,1,1,3,22,3,3,1,2,1,1,1
266,1,36,1,10,6304,1,5,4,5,1,4,4,36,3,3,2,3,1,1,1
406,1,24,1,2,2197,1,4,4,5,1,4,2,43,3,3,2,3,2,2,1
294,1,48,1,10,7629,1,5,4,1,1,2,2,46,1,3,2,4,2,1,1
604,4,10,3,3,1275,2,2,4,2,1,2,3,23,3,3,1,3,1,1,1
522,2,48,2,3,7119,2,3,3,5,1,4,1,53,3,1,2,3,2,1,1
18,3,24,3,2,12579,2,5,4,2,1,2,1,44,3,1,1,4,1,2,1
425,3,18,3,2,2779,2,3,1,3,1,3,2,21,3,2,1,3,1,2,1
527,1,4,1,4,1503,2,4,2,5,1,1,4,42,3,3,2,2,2,1,1
308,3,8,3,3,1237,2,3,3,2,1,4,4,24,3,3,1,3,1,1,1
622,1,48,3,10,3914,1,3,4,1,1,2,4,38,1,3,1,3,1,1,1
794,1,24,3,3,3062,4,5,4,5,1,3,1,32,3,2,1,3,1,2,1
62,3,36,2,10,1953,2,5,4,5,1,4,1,61,3,1,1,4,1,2,1
79,3,30,3,3,3832,2,2,2,3,1,1,3,22,3,3,1,3,1,1,1
680,1,6,3,7,1538,2,2,1,2,1,2,1,56,3,3,1,3,1,1,1
193,1,6,3,4,2108,2,4,2,3,1,2,4,29,3,2,1,3,1,1,1
750,2,6,3,3,428,2,5,2,2,1,1,3,49,1,3,1,3,1,2,1
181,3,36,0,10,4455,2,3,2,1,1,2,4,30,2,3,2,4,1,2,1
535,4,21,1,7,2319,2,2,2,1,1,1,2,33,3,2,1,3,1,1,1
484,1,12,1,1,1163,4,3,4,5,1,4,4,44,3,3,1,3,1,2,1
200,1,9,1,7,936,4,5,4,5,1,2,2,52,3,3,2,3,1,2,1
364,2,18,3,3,2473,2,1,4,5,1,1,2,25,3,3,1,1,1,1,1
991,1,15,4,4,1569,3,5,4,5,1,4,2,34,1,3,1,2,2,1,1
462,3,12,3,3,3017,2,2,3,2,1,1,4,34,3,2,1,4,1,1,1
356,1,12,1,4,2331,1,5,1,5,2,4,4,49,3,3,1,3,1,2,1
2,1,12,1,7,2096,2,4,2,5,1,3,4,49,3,3,1,2,2,1,1
478,3,12,3,10,1037,3,4,3,5,1,4,4,39,3,3,1,2,1,1,1
695,1,6,3,2,1236,4,3,2,5,1,4,3,50,3,2,1,3,1,1,1
253,1,24,0,3,4151,3,3,2,5,1,3,3,35,3,3,2,3,1,1,1
667,1,48,4,10,3609,2,3,1,2,1,1,4,27,2,3,1,3,1,1,1
85,1,12,1,10,1412,2,3,4,2,3,2,4,29,3,3,2,4,1,2,1
969,2,11,1,1,3939,2,3,1,5,1,2,4,40,3,3,2,2,2,1,1
75,2,12,1,2,1526,2,5,4,5,1,4,1,66,3,1,2,4,1,1,1
786,1,22,3,4,2675,4,5,3,5,1,4,2,40,3,3,1,3,1,1,1
658,3,30,2,10,4221,2,3,2,2,1,1,2,28,3,3,2,3,1,1,1
465,2,24,3,2,2924,2,3,3,5,3,4,1,63,1,3,1,3,2,2,1
920,1,18,1,3,1817,2,3,4,2,1,2,1,28,3,3,2,3,1,1,1
38,4,10,3,5,1225,2,3,2,5,1,2,2,37,3,3,1,3,1,2,1
944,2,15,3,3,1845,2,2,4,2,3,1,3,46,3,2,1,3,1,1,1
725,1,6,1,1,250,5,3,2,2,1,2,4,41,1,3,2,2,1,1,1
436,1,6,3,6,660,4,4,2,3,1,4,4,23,3,2,1,2,1,1,1
140,4,6,3,1,709,5,2,2,3,1,2,4,27,3,3,1,1,1,1,2
818,2,36,3,0,15857,2,1,2,1,2,3,2,43,3,3,1,4,1,1,1
602,3,24,4,7,1837,2,4,4,2,1,4,1,34,1,1,1,2,1,1,1
745,2,13,1,10,1797,2,2,3,5,1,1,3,28,1,3,2,2,1,1,1
471,2,6,3,7,448,2,2,4,2,1,4,3,23,3,3,1,3,1,1,1
342,3,18,3,4,3213,4,2,1,3,1,3,4,25,3,2,1,3,1,1,1
416,2,12,3,1,2579,2,2,4,5,1,1,4,33,3,3,1,2,2,1,1
711,2,6,4,7,1198,2,5,4,2,1,4,1,35,3,1,1,3,1,1,1
557,1,21,2,1,5003,1,3,1,2,1,4,3,29,1,3,2,3,1,2,1
50,3,24,0,3,2333,1,2,4,5,1,2,3,29,1,3,1,2,1,1,1
162,1,15,3,5,1262,4,4,4,5,1,3,3,36,3,3,2,3,1,2,1
765,3,12,3,4,1155,2,5,3,3,3,3,4,40,1,3,2,2,1,1,1
856,1,10,3,9,894,1,4,4,2,1,3,3,40,3,3,1,3,1,2,1
867,1,12,1,3,3331,2,5,2,5,1,4,3,42,2,3,1,3,1,1,1
524,3,18,3,4,1113,2,3,4,2,3,4,4,26,3,3,1,2,2,1,1
443,1,12,3,7,719,2,5,4,5,1,4,2,41,1,3,1,2,2,1,1
172,3,24,0,3,2064,2,1,3,2,1,2,3,34,3,3,1,4,1,2,1
956,4,30,1,4,3656,1,5,4,5,1,4,3,49,2,3,2,2,1,1,1
330,2,24,1,2,6615,2,1,2,5,1,4,1,75,3,1,2,4,1,2,1
352,1,18,1,2,3229,1,1,2,5,1,4,1,38,3,3,1,4,1,2,1
857,1,15,1,3,3343,2,3,4,5,1,2,1,28,3,1,1,3,1,2,1
766,2,30,3,3,3108,2,2,2,1,1,4,3,31,3,3,1,2,1,1,1
39,3,9,3,4,458,2,3,4,5,1,3,4,24,3,3,1,3,1,1,1
852,1,15,1,4,1471,2,3,4,5,1,4,1,35,3,1,2,3,1,2,1
875,3,11,1,1,1322,5,3,4,2,1,4,2,40,3,3,2,3,1,1,1
156,2,9,1,6,1288,3,5,3,5,3,4,4,48,3,3,2,3,2,1,2
222,1,12,3,4,707,2,3,4,5,1,2,4,30,1,3,2,3,1,1,1
641,3,15,3,6,1308,2,5,4,5,1,4,2,38,3,3,2,2,1,1,1
210,1,9,1,4,3074,1,3,1,5,1,2,4,33,3,3,2,3,2,1,1
746,2,15,3,1,2511,2,1,1,2,1,4,2,23,3,2,1,3,1,1,1
960,1,6,1,4,1740,2,5,2,3,1,2,4,30,3,2,2,3,1,1,1
700,1,12,3,3,1123,4,3,4,2,1,4,2,29,3,2,1,2,1,1,1
167,3,11,3,3,1577,5,2,4,2,1,1,4,20,3,3,1,3,1,1,1
998,2,45,3,4,1845,2,3,4,5,1,4,1,23,3,1,1,3,1,2,1
984,1,24,1,3,2028,2,4,2,5,1,2,3,30,3,3,2,2,1,1,1
491,3,27,2,10,8318,2,5,2,2,1,4,1,42,3,1,2,4,1,2,1
10,3,12,3,1,1295,2,2,3,2,1,1,2,25,3,2,1,3,1,1,1
105,3,24,1,0,11938,2,3,2,5,2,3,2,39,3,3,2,4,2,2,1
68,1,36,3,7,1819,2,3,4,5,1,4,1,37,2,1,1,3,1,2,1
479,2,15,1,3,1478,2,5,4,5,1,4,2,44,3,3,2,3,2,2,1
399,1,24,1,4,1516,5,3,4,2,1,1,4,43,3,3,2,2,1,1,1
434,2,9,3,3,2136,2,3,3,5,1,2,4,25,3,3,1,3,1,1,1
258,1,15,3,2,3812,3,2,1,2,1,4,2,23,3,3,1,3,1,2,1
827,1,18,2,10,4165,2,3,2,5,1,2,2,36,2,3,2,3,2,1,1
884,3,24,3,3,4057,2,4,3,1,1,3,2,43,3,3,1,3,1,2,1
304,1,48,1,1,10127,4,3,2,5,1,2,1,44,1,1,1,3,1,1,1
811,3,6,3,4,484,2,4,3,3,3,3,4,28,1,3,1,2,1,1,1
938,3,60,3,7,6288,2,3,4,5,1,4,1,42,3,1,1,3,1,1,1
924,2,24,4,3,6872,2,2,2,1,1,1,3,55,1,3,1,3,1,2,1
526,1,15,1,7,1532,3,3,4,2,1,3,2,31,3,3,1,3,1,1,1
20,1,9,1,1,2134,2,3,4,5,1,4,2,48,3,3,3,3,1,2,1
905,2,12,3,4,1107,2,3,2,5,1,2,4,20,3,2,1,4,2,2,1
380,2,20,3,3,2212,1,4,4,5,1,4,2,39,3,3,1,3,1,2,1
420,1,15,3,1,3186,5,4,2,2,1,3,2,20,3,2,1,3,1,1,1
285,2,47,3,1,10722,2,2,1,2,1,1,4,35,3,3,1,2,1,2,1
71,1,7,1,4,730,1,5,4,5,1,2,3,46,3,2,2,2,1,2,1
49,1,12,3,4,2073,3,3,4,2,2,2,4,28,3,3,1,3,1,1,1
179,2,21,1,1,571,2,5,4,5,1,4,4,65,3,3,2,3,1,1,1
506,4,15,1,2,2360,4,3,2,5,1,2,2,36,3,3,1,3,1,2,1
929,2,12,0,1,1344,2,3,4,5,1,2,4,43,3,3,2,2,2,1,1
116,2,42,3,4,7174,1,4,4,2,1,3,2,30,3,3,1,4,1,2,1
293,4,42,1,2,4796,2,5,4,5,1,4,1,56,3,1,1,3,1,1,1
76,2,42,3,4,3965,2,2,4,5,1,3,2,34,3,3,1,3,1,1,1
48,1,11,1,1,7228,2,3,1,5,1,4,3,39,3,3,2,2,1,1,1
503,3,24,1,4,1216,3,2,4,5,1,4,1,38,1,3,2,3,2,1,1
263,1,12,1,7,2748,2,5,2,2,1,4,1,57,1,1,3,2,1,1,1
808,3,42,4,2,9283,2,1,1,5,1,2,1,55,1,1,1,4,1,2,1
863,1,27,1,3,4526,5,2,4,5,1,2,4,32,2,3,2,2,2,2,1
748,1,21,3,2,5248,1,3,1,5,1,3,2,26,3,3,1,3,1,1,1
64,1,24,3,4,3181,2,2,4,2,1,4,3,26,3,3,1,3,1,2,1
798,1,24,0,1,717,1,5,4,3,1,4,2,54,3,3,2,3,1,2,1
52,1,12,3,4,1262,2,3,3,5,1,2,2,25,3,3,1,3,1,1,1
440,1,12,3,1,1884,2,5,4,5,1,4,2,39,3,3,1,4,1,2,1
124,3,18,3,3,1924,1,2,4,2,1,3,4,27,3,2,1,3,1,1,1
650,2,48,3,7,7476,2,4,4,5,1,1,1,50,3,1,1,4,1,2,1
409,4,12,1,1,939,4,4,4,3,1,2,4,28,3,3,3,3,1,2,1
752,3,12,3,10,841,3,4,2,2,1,4,4,23,3,2,1,2,1,1,1
952,3,24,3,2,4113,4,2,3,2,1,4,2,28,3,2,1,3,1,1,1
477,4,24,3,4,5152,2,4,4,5,1,2,2,25,1,3,1,3,1,1,1
118,2,33,1,3,4281,4,3,1,2,1,4,2,23,3,3,2,3,1,1,1
12,3,12,3,4,1567,2,3,1,2,1,1,2,22,3,3,1,3,1,2,1
157,2,12,4,9,339,2,5,4,3,1,1,2,45,1,3,1,2,1,1,1
337,2,15,3,5,1275,1,3,4,2,1,2,2,24,3,2,1,3,1,1,1
127,3,12,3,6,639,2,3,4,5,1,2,2,30,3,3,1,3,1,1,1
46,1,36,3,4,2299,4,5,4,5,1,4,2,39,3,3,1,3,1,1,1
235,2,24,3,4,1823,2,1,4,5,1,2,2,30,2,3,1,4,2,1,1
538,2,48,3,1,7763,2,5,4,5,1,4,1,42,1,1,1,4,1,1,1
241,1,6,3,4,1595,2,4,3,5,1,2,3,51,3,3,1,3,2,1,1
590,2,12,1,4,385,2,4,4,2,1,3,4,58,3,3,4,2,1,2,1
358,1,12,3,4,776,2,3,4,3,1,2,4,28,3,3,1,3,1,1,1
959,3,24,3,3,3069,3,5,4,5,1,4,1,30,3,1,1,3,1,1,1
848,2,9,3,4,1364,2,4,3,5,1,4,4,59,3,3,1,3,1,1,1
792,1,6,1,3,1221,1,3,1,3,1,2,3,27,3,3,2,3,1,1,1
325,2,8,1,1,3398,2,4,1,5,1,4,4,39,3,3,2,2,1,1,2
899,2,18,3,3,4153,2,3,2,5,2,3,2,42,3,3,1,3,1,1,1
809,3,15,2,1,1778,2,2,2,2,1,1,4,26,3,2,2,1,1,1,1
350,1,9,3,5,1236,2,2,1,2,1,4,4,23,3,2,1,3,1,2,1
363,1,6,3,3,1766,2,3,1,3,1,2,3,21,3,2,1,3,1,1,1
17,2,30,2,10,8072,1,2,2,5,1,3,2,25,1,3,3,3,1,1,1
186,3,9,4,2,5129,2,5,2,2,1,4,1,74,1,1,1,4,2,2,1
402,1,24,0,10,8648,2,2,2,5,1,2,2,27,1,3,2,3,1,2,1
338,2,24,3,3,4169,2,3,4,5,1,4,3,28,3,3,1,3,1,1,1
206,1,12,1,3,1935,2,5,4,5,1,4,4,43,3,3,3,3,1,2,1
963,1,24,3,4,2397,4,5,3,5,1,2,2,35,1,3,2,3,1,2,1
345,1,15,1,4,1459,2,3,4,2,1,2,2,43,3,3,1,2,1,1,1
313,3,12,3,1,685,2,4,2,3,1,3,2,25,1,3,1,2,1,1,1
242,2,48,2,2,4605,2,5,3,5,1,4,1,24,3,1,2,3,2,1,1
913,1,11,3,10,2142,5,5,1,1,1,2,4,28,3,3,1,3,1,2,1
170,2,15,2,1,950,2,5,4,5,1,3,2,33,3,2,2,3,2,1,1
187,3,16,1,1,1175,2,1,2,5,1,3,2,68,3,1,3,1,1,2,1
934,2,12,3,4,1498,2,3,4,2,1,1,2,23,1,3,1,3,1,1,1
133,1,18,3,3,1984,2,3,4,5,1,4,1,47,1,1,2,3,1,1,1
301,3,36,2,4,3804,2,3,4,2,1,1,2,42,3,3,1,3,1,2,1
731,2,24,3,4,1987,2,3,2,5,1,4,4,21,3,2,1,2,2,1,1
670,1,24,1,10,4139,3,3,3,5,1,3,3,27,3,3,2,2,1,2,1
318,1,12,1,7,701,2,3,4,5,1,2,2,32,3,3,2,3,1,1,1
78,1,54,2,2,9436,1,3,2,5,1,2,3,39,3,3,1,2,2,1,1
521,2,18,3,4,3190,2,3,2,2,1,2,4,24,3,3,1,3,1,1,1
346,3,13,1,4,882,2,2,4,5,3,4,4,23,3,3,2,3,1,1,1
198,3,24,3,2,2760,1,5,4,5,1,4,1,36,1,1,1,3,1,2,1
865,1,15,3,3,2221,4,3,2,2,1,4,2,20,3,2,1,3,1,1,1
548,2,12,4,4,626,2,3,4,2,1,4,4,24,1,3,1,2,1,1,1
915,3,48,2,0,18424,2,3,1,2,1,2,3,32,1,3,1,4,1,2,2
588,2,18,3,5,1217,2,3,4,3,1,3,4,47,3,3,1,2,1,2,1
447,3,7,3,4,2576,2,3,2,5,3,2,4,35,3,3,1,3,1,1,1
21,2,6,3,4,2647,4,3,2,5,1,3,4,44,3,2,1,3,2,1,1
724,1,27,3,1,2570,2,3,3,2,1,3,4,21,3,2,1,3,1,1,1
718,4,24,1,4,3148,1,3,3,5,1,2,2,31,3,3,2,3,1,2,1
250,2,6,1,1,666,5,4,3,2,1,4,4,39,3,3,2,2,1,2,1
243,1,12,1,10,1185,2,3,3,2,1,2,4,27,3,3,2,3,1,1,1
571,1,30,1,4,5954,2,4,3,5,2,2,2,38,3,3,1,3,1,1,1
35,3,45,1,4,4746,2,2,4,5,1,2,3,25,3,3,2,2,1,1,1
81,1,15,3,4,1213,4,5,4,5,1,3,3,47,2,3,1,3,1,2,1
159,1,6,1,4,1898,1,3,1,5,1,2,4,34,3,3,2,2,2,1,1
333,1,48,1,2,11590,3,3,2,2,1,4,2,24,1,2,2,2,1,1,1
837,1,4,3,3,601,2,2,1,2,1,3,4,23,3,2,1,2,2,1,1
474,3,18,1,4,1245,2,3,4,3,1,2,2,33,3,3,1,3,1,1,1
671,1,36,3,10,5742,3,4,2,5,1,2,2,31,3,3,2,3,1,2,1
109,3,14,3,10,1410,4,5,1,3,1,2,4,35,3,3,1,3,1,2,1
661,2,12,3,1,900,1,3,4,3,1,2,2,23,3,3,1,3,1,1,1
379,1,6,1,1,362,3,3,4,2,1,4,2,52,3,3,2,2,1,1,1
625,1,15,3,4,1979,1,5,4,5,1,2,2,35,3,3,1,3,1,1,1
603,1,36,3,3,3349,2,3,4,2,1,2,2,28,3,3,1,4,1,2,1
92,1,12,1,4,797,1,5,4,2,1,3,3,33,1,3,1,2,2,1,1
451,1,6,3,4,518,2,3,3,2,1,1,4,29,3,3,1,3,1,1,1
652,2,24,3,1,2303,2,5,4,5,2,1,4,45,3,3,1,3,1,1,1
822,2,36,3,3,2712,2,5,2,5,1,2,3,41,1,3,1,3,2,1,1
855,1,24,3,1,1474,3,2,4,3,1,3,4,33,3,3,1,3,1,2,1
390,1,18,3,1,1820,2,3,2,3,1,2,3,30,3,3,1,4,1,2,1
577,1,24,1,7,1927,1,3,3,2,1,2,2,33,3,3,2,3,1,2,1
985,2,15,1,3,1433,2,3,4,2,1,3,3,25,3,2,2,3,1,1,1
422,3,12,1,1,958,2,4,2,5,1,3,4,47,3,3,2,2,2,1,1
211,1,36,3,4,3835,1,5,2,2,1,4,4,45,3,3,1,2,1,2,1
171,1,12,3,3,763,2,3,4,2,1,1,4,26,3,3,1,3,1,2,1
165,1,6,3,3,2978,4,3,1,5,1,2,2,32,3,3,1,3,1,2,1
238,1,12,1,4,1291,2,3,4,2,1,2,3,35,3,3,2,3,1,1,1
188,2,12,3,4,674,3,4,4,3,1,1,3,20,3,3,1,3,1,1,1
685,1,60,3,1,6527,1,3,4,5,1,4,1,34,3,1,1,3,2,2,1
803,1,12,1,4,976,1,5,4,5,1,4,2,35,3,3,2,3,1,1,1
344,4,10,3,1,3949,2,2,1,5,3,1,3,37,3,3,1,2,2,1,1
741,3,10,4,4,1048,2,3,4,5,1,4,4,23,2,3,1,2,1,1,1
453,1,24,3,2,2670,2,5,4,5,1,4,2,35,3,3,1,4,1,2,1
646,2,30,2,3,4583,2,3,2,1,3,2,4,32,3,3,2,3,1,1,1
830,1,24,0,10,2375,4,3,4,5,1,2,2,44,3,3,2,3,2,2,1
155,2,12,3,3,1282,2,3,2,2,1,4,2,20,3,2,1,3,1,1,1
487,1,24,3,1,3757,2,5,4,2,2,4,1,62,3,1,1,3,1,2,1
597,3,24,2,10,4241,2,3,1,5,1,4,4,36,3,3,3,2,1,2,1
988,2,24,3,2,6579,2,1,4,5,1,2,1,29,3,1,1,4,1,2,1
125,2,12,1,1,2121,2,3,4,5,1,2,3,30,3,3,2,3,1,1,1
66,1,12,3,4,2171,2,2,2,2,1,2,2,29,1,3,1,3,1,1,1
908,1,15,0,2,3594,2,2,1,2,1,2,3,46,3,3,2,2,1,1,1
511,1,36,3,2,4686,2,3,2,5,1,2,1,32,3,1,1,4,1,2,1
224,1,15,3,2,4657,2,3,3,5,1,2,2,30,3,3,1,3,1,2,1
268,2,14,3,1,8978,2,5,1,1,1,4,3,45,3,3,1,4,1,2,2
161,1,18,1,1,1055,2,2,4,2,1,1,3,30,3,3,2,3,1,1,1
813,2,48,3,5,3051,2,3,3,5,1,4,2,54,3,3,1,3,1,1,1
618,3,30,3,3,3441,3,3,2,2,2,4,2,21,3,2,1,3,1,1,1
676,1,24,1,3,5150,2,5,4,5,1,4,2,33,3,3,1,3,1,2,1
178,1,12,3,4,1963,2,4,4,5,1,2,2,31,3,2,2,4,2,2,1
950,3,18,1,10,3590,2,1,3,3,1,3,2,40,3,3,3,1,2,2,1
415,1,36,1,2,5842,2,5,2,5,1,2,3,35,3,3,2,3,2,2,1
100,1,24,3,1,1469,3,5,4,3,1,4,4,41,3,2,1,2,1,1,1
733,1,24,3,2,2603,5,3,2,2,1,4,2,28,3,2,1,3,1,2,1
689,2,12,3,1,3651,5,3,1,5,1,3,3,31,3,3,1,3,2,1,1
229,2,24,3,3,3149,2,2,4,5,1,1,1,22,1,1,1,3,1,1,1
334,2,24,2,3,4110,2,5,3,5,1,4,1,23,1,2,2,3,2,1,1
627,3,9,4,1,1437,3,4,2,5,1,3,1,29,3,3,1,3,1,1,1
702,4,24,3,4,1377,3,5,4,2,1,2,1,47,3,1,1,3,1,2,1
878,2,9,3,1,1422,2,2,3,5,1,2,1,27,3,1,1,4,1,2,1
482,2,30,3,3,3622,5,5,4,2,1,4,3,57,3,2,2,3,1,2,1
919,2,24,3,3,3345,2,5,4,5,1,2,3,39,3,2,1,4,1,2,1
220,3,12,3,4,625,2,2,4,3,3,1,4,26,1,3,1,2,1,1,1
391,3,12,3,3,983,5,2,1,2,1,4,4,19,3,2,1,2,1,1,1
912,3,30,3,4,2991,1,5,2,2,1,4,2,25,3,3,1,3,1,1,1
427,1,18,1,4,1149,5,3,4,5,1,3,4,46,3,3,2,3,1,1,1
309,3,9,3,1,276,2,3,4,3,1,4,4,22,3,2,1,2,1,1,1
775,2,24,3,1,1371,1,3,4,2,1,4,4,25,3,2,1,3,1,1,1
885,2,12,3,7,795,2,2,4,2,1,4,3,53,3,3,1,3,1,1,1
15,2,24,3,4,1282,3,3,4,2,1,2,2,32,3,3,1,2,1,1,1
493,3,6,3,4,368,1,5,4,5,1,4,3,38,3,3,1,3,1,1,1
245,1,24,3,10,1258,2,4,4,5,1,1,4,25,3,3,1,3,1,2,1
898,1,15,3,3,2186,1,4,1,2,1,4,4,33,1,2,1,2,1,1,1
6,1,24,3,3,2835,4,5,3,5,1,4,3,53,3,3,1,3,1,1,1
613,2,24,4,2,3632,2,3,1,2,3,4,2,22,1,2,1,3,1,1,2
533,1,24,3,4,1311,3,4,4,3,1,3,3,26,3,3,1,3,1,2,1
397,2,36,1,3,2348,2,3,3,3,1,2,3,46,3,3,2,3,1,2,1
721,3,6,4,7,433,5,2,4,2,1,2,3,24,1,2,1,3,2,1,1
858,2,15,3,1,3959,2,3,3,2,1,2,3,29,3,3,1,3,1,2,1
691,3,15,3,6,2631,3,3,3,2,1,2,4,25,3,3,1,2,1,1,1
104,1,12,3,2,2445,1,2,2,3,1,4,2,26,3,2,1,3,1,2,1
303,2,10,1,1,1038,2,4,4,5,2,3,3,49,3,3,2,3,1,2,1
549,1,48,1,2,8858,1,4,2,5,1,1,1,35,3,1,2,3,1,2,1
729,4,24,1,10,1275,5,3,2,1,1,4,4,36,3,3,2,3,1,2,1
208,2,24,3,10,6568,2,3,2,3,1,2,2,21,2,3,1,2,1,1,1
302,4,24,1,1,1344,1,4,4,5,1,2,4,37,1,3,2,2,2,1,1
51,3,27,0,2,5965,2,5,1,5,1,2,2,30,3,3,2,4,1,2,1
90,1,12,1,4,618,2,5,4,5,1,4,4,56,3,3,1,3,1,1,1
354,1,10,3,7,727,4,5,4,5,1,4,1,46,3,1,1,3,1,2,1
632,3,15,3,4,1444,1,2,4,5,1,1,3,23,3,3,1,3,1,1,1
460,2,36,3,3,3620,2,3,1,5,3,2,3,37,3,3,1,3,2,1,1
22,2,10,1,1,2241,2,2,1,5,1,3,4,48,3,2,2,2,2,1,2
374,3,60,4,0,14782,3,5,3,2,1,4,1,60,1,1,2,4,1,2,1
546,1,24,1,1,2022,2,3,4,2,1,4,2,37,3,3,1,3,1,2,1
439,4,12,4,10,609,2,2,4,2,1,1,4,26,3,3,1,1,1,1,1
218,2,24,3,3,3021,2,3,2,1,1,2,4,24,3,2,1,2,1,1,1
737,2,18,3,1,4380,3,3,3,5,1,4,2,35,3,3,1,2,2,2,1
505,1,10,3,1,1309,1,3,4,5,3,4,3,27,3,3,1,2,1,1,1
605,2,24,4,3,2828,4,3,4,5,1,4,4,22,2,3,1,3,1,2,1
801,3,18,1,4,1795,2,5,3,2,3,4,4,48,1,2,2,2,1,2,1
948,1,18,3,3,1533,2,2,4,3,2,1,3,43,3,3,1,2,2,1,1
683,1,24,1,4,5103,2,2,3,3,1,3,1,47,3,1,3,3,1,2,1
205,2,30,1,2,10623,2,5,3,5,1,4,1,38,3,1,3,4,2,2,1
647,1,12,3,1,1386,4,3,2,2,1,2,3,26,3,3,1,3,1,1,1
190,1,24,3,10,4591,5,3,2,5,1,3,3,54,3,3,3,4,1,2,1
361,4,12,3,4,3399,1,5,2,5,1,3,2,37,3,3,1,4,1,1,1
664,4,6,1,7,1047,2,3,2,2,1,4,3,50,3,3,1,2,1,1,1
375,2,48,4,10,7685,2,4,2,2,3,4,2,37,3,2,1,3,1,1,1
631,2,18,4,3,1553,2,3,4,5,1,3,2,44,1,3,1,3,1,1,1
185,1,15,1,4,1360,2,3,4,5,1,2,3,31,3,3,2,3,1,1,1
732,3,8,3,4,760,2,4,4,2,3,2,4,44,3,3,1,2,1,1,1
404,3,18,0,1,2899,1,5,4,5,1,4,2,43,3,3,1,3,2,1,1
194,3,45,3,4,3031,3,3,4,5,3,4,3,21,3,2,1,3,1,1,1
564,3,24,0,10,4712,1,3,4,5,1,2,3,37,1,3,2,4,1,2,1
401,3,18,1,10,1887,1,3,4,3,1,4,4,28,1,3,2,3,1,1,1
530,3,36,3,7,2273,2,4,3,5,1,1,2,32,3,3,2,3,2,1,1
656,3,12,3,1,888,2,5,4,5,1,4,2,41,1,3,1,2,2,1,1
441,2,12,3,3,1620,2,3,2,2,2,3,3,30,3,3,1,3,1,1,1
132,1,15,3,3,2708,2,2,2,5,1,3,3,27,1,3,2,2,1,1,1
233,3,18,3,4,866,2,3,4,3,3,2,4,25,3,3,1,2,1,1,1
173,3,8,3,4,1414,2,3,4,5,3,2,4,33,3,3,1,3,1,1,2
428,1,9,3,3,1313,2,5,1,5,1,4,2,20,3,3,1,3,1,1,1
567,1,24,1,4,2578,5,5,2,5,1,2,2,34,3,3,1,3,1,1,1
967,1,15,3,4,3568,2,5,4,2,1,2,2,54,1,2,1,4,1,2,1
758,1,24,3,1,1393,2,3,2,5,3,2,4,31,3,3,1,3,1,2,1
626,4,6,3,3,2116,2,3,2,5,1,2,4,41,3,3,1,3,1,2,1
96,1,12,1,7,2012,1,4,4,2,1,2,2,61,3,3,1,3,1,1,1
781,1,24,1,1,1940,5,5,4,5,1,4,4,60,3,3,1,3,1,2,1
499,4,6,1,1,1323,3,5,2,1,1,4,2,28,3,3,2,3,2,2,1
74,2,36,3,7,1977,1,5,4,5,1,4,1,40,3,3,1,4,1,2,1
89,2,12,2,6,1108,2,4,4,5,1,3,4,28,3,3,2,3,1,1,1
609,1,15,3,2,1300,1,5,4,5,1,4,1,45,1,1,1,3,2,1,1
0,2,6,1,4,1169,1,5,4,5,1,4,4,67,3,3,2,3,1,2,1
392,2,36,3,1,3249,2,4,2,5,1,4,1,39,1,1,1,4,2,2,1
476,1,39,3,2,2569,4,3,4,5,1,4,2,24,3,3,1,3,1,1,1
799,3,9,3,1,1549,1,2,4,5,1,2,4,35,3,3,1,1,1,1,1
519,1,6,1,4,700,1,5,4,5,1,4,1,36,3,1,2,3,1,1,1
107,3,12,3,1,6078,2,4,2,5,1,2,2,32,3,3,1,3,1,1,1
708,3,9,3,4,1206,2,5,4,2,1,4,4,25,3,3,1,3,1,1,1
634,3,24,3,1,1355,2,2,3,2,1,4,2,25,3,3,1,2,1,2,1
223,1,24,0,10,2978,1,3,4,5,1,4,4,32,3,3,2,3,2,2,1
327,1,24,3,1,1525,5,4,4,2,1,3,2,34,3,3,1,3,2,2,1
102,1,6,0,4,932,2,3,3,2,1,2,4,24,3,3,1,3,1,1,1
704,3,27,3,10,2528,2,2,4,2,1,1,3,32,3,3,1,3,2,2,1
475,2,18,2,3,3114,2,2,1,2,1,4,3,26,3,2,1,3,1,1,1
213,4,30,0,10,1908,2,5,4,5,1,4,4,66,3,3,1,4,1,2,1
135,1,12,1,4,1240,1,5,4,2,1,2,4,38,3,3,2,3,1,2,1
246,1,12,1,4,717,2,5,4,5,1,4,4,52,3,3,3,3,1,1,1
970,3,15,3,6,1514,3,3,4,5,3,2,4,22,3,3,1,3,1,1,1
891,1,15,1,4,1829,2,5,4,5,1,4,2,46,3,3,2,3,1,2,1
619,1,12,3,1,640,2,3,4,1,1,2,4,49,3,3,1,2,1,1,1
815,3,36,0,1,7432,2,3,2,2,1,2,3,54,3,2,1,3,1,1,1
365,1,12,3,10,1542,2,4,2,5,1,4,2,36,3,3,1,3,1,2,1
812,2,36,1,2,9629,2,4,4,5,1,4,2,24,3,3,2,3,1,2,1
26,1,6,2,4,426,2,5,4,3,1,4,2,39,3,3,1,2,1,1,1
642,1,15,3,7,4623,3,3,3,5,1,2,3,40,3,3,1,4,1,2,1
417,2,18,0,7,8471,1,3,1,2,1,2,2,23,3,2,2,3,1,2,1
907,3,36,3,7,3711,1,3,2,3,1,2,2,27,3,3,1,3,1,1,1
921,1,48,0,4,12749,4,4,4,5,1,1,2,37,3,3,1,4,1,2,1
3,2,42,3,3,7882,2,4,2,5,3,4,3,45,3,1,1,3,2,1,1
134,1,60,3,4,10144,3,4,2,2,1,4,4,21,3,3,1,3,1,2,1
355,3,24,3,1,1246,2,2,4,5,1,2,4,23,2,3,1,2,1,1,1
877,1,36,3,4,3595,2,5,4,5,1,2,2,28,3,3,1,3,1,1,1
768,3,12,1,3,3617,2,5,1,5,1,4,2,28,3,2,3,3,1,2,1
836,1,12,3,4,886,1,3,4,2,1,2,2,21,3,3,1,3,1,1,1
561,2,24,4,4,1546,2,4,4,5,3,4,2,24,1,2,1,2,1,1,1
892,2,12,1,1,2171,2,3,4,5,1,4,3,38,1,3,2,2,1,1,2
225,1,36,2,6,2613,2,3,4,5,1,2,2,27,3,3,2,3,1,1,1
820,1,12,3,1,1101,2,3,3,3,1,2,4,27,3,3,2,3,1,2,1
369,3,18,3,3,3001,2,4,2,2,1,4,4,40,3,2,1,3,1,1,1
681,1,12,3,4,2279,1,3,4,5,1,4,1,37,3,1,1,3,1,2,1
339,3,10,3,3,1521,2,3,4,1,1,2,2,31,3,3,1,2,1,1,1
419,3,18,3,1,1042,1,3,4,2,1,2,3,33,3,3,1,3,1,1,1
829,3,48,0,10,6681,1,3,4,5,1,4,1,38,3,1,1,3,2,2,1
951,2,36,0,10,2145,2,4,2,5,1,1,2,24,3,3,2,3,1,2,1
454,2,24,3,1,4817,2,4,2,5,2,3,3,31,3,3,1,3,1,2,1
63,3,48,2,10,14421,2,3,2,5,1,2,2,25,3,3,1,3,1,2,1
759,2,12,1,1,691,2,5,4,5,1,3,3,35,3,3,2,3,1,1,1
360,3,18,3,7,1239,1,3,4,5,1,4,1,61,3,1,1,3,1,1,1
237,3,21,3,10,2767,3,5,4,1,1,2,2,61,1,2,2,2,1,1,1
112,3,18,3,1,6260,2,4,3,5,1,3,4,28,3,2,1,2,1,1,1
640,2,18,3,7,750,2,1,4,2,1,1,4,27,3,3,1,1,1,1,1
532,1,12,0,2,1503,2,3,4,3,1,4,4,41,3,2,1,3,1,1,1
126,2,12,3,4,701,2,3,4,3,1,2,4,40,3,3,1,2,1,1,1
259,1,11,1,4,1154,3,1,4,2,1,4,4,57,3,3,3,2,1,1,1
742,1,21,3,4,3160,1,5,4,5,1,3,3,41,3,3,1,3,1,2,1
761,2,18,1,3,2124,2,3,4,2,1,4,4,24,3,2,2,3,1,1,1
137,3,12,3,4,766,4,3,4,5,1,3,4,66,3,3,1,2,1,1,1
7,3,36,3,2,6948,2,3,2,5,1,2,2,35,3,2,1,4,1,2,1
502,4,9,3,4,1126,3,5,2,1,1,4,4,49,3,3,1,3,1,1,1
831,2,18,3,1,1216,2,2,4,2,1,3,2,23,3,2,1,3,1,2,1
762,2,12,3,4,2214,2,3,4,5,1,3,3,24,3,3,1,2,1,1,1
851,1,24,1,2,4042,1,4,3,5,1,4,3,43,3,3,2,3,1,2,1
407,2,15,3,4,1053,2,2,4,3,1,2,4,27,3,3,1,3,1,1,2
692,3,24,3,4,2896,3,2,2,5,1,1,2,29,3,3,1,3,1,1,1
353,2,12,2,4,6199,2,3,4,5,1,2,3,28,3,2,2,3,1,2,1
153,3,24,1,2,7758,5,5,2,2,1,4,1,29,3,2,1,3,1,1,1
566,2,12,3,1,1372,2,4,2,1,1,3,2,36,3,3,1,3,1,1,1
542,2,30,3,3,6350,1,5,4,5,1,4,3,31,3,3,1,3,1,1,1
343,3,18,3,10,4439,2,5,1,5,2,1,4,33,1,3,1,4,1,2,1
887,3,48,3,10,15672,2,3,2,5,1,2,2,23,3,3,1,3,1,2,1
997,1,12,3,4,804,2,5,4,5,1,4,2,38,3,3,1,3,1,1,1
825,2,21,1,1,1602,2,5,4,3,1,3,2,30,3,3,2,3,1,2,1
56,3,12,3,4,6468,1,1,2,5,1,1,1,52,3,3,1,4,1,2,1
400,1,18,3,4,1473,2,2,3,3,1,4,4,39,3,3,1,3,1,2,1
572,1,24,3,2,5433,1,1,2,2,1,4,3,26,3,2,1,4,1,2,1
473,1,6,3,9,1238,1,1,4,5,1,4,3,36,3,3,1,4,2,2,1
468,1,33,0,10,2764,2,3,2,2,1,2,2,26,3,3,2,3,1,2,1
651,3,12,3,3,1922,2,3,4,5,1,2,3,37,3,3,1,2,1,1,1
669,4,30,1,4,3017,2,5,4,5,1,4,3,47,3,3,1,3,1,1,1
504,2,24,3,1,1207,2,2,4,2,1,4,3,24,3,2,1,3,1,1,1
900,2,16,1,1,2625,2,5,2,5,3,4,3,43,1,2,1,3,1,2,1
649,2,12,3,7,684,2,3,4,5,1,4,2,40,3,2,1,2,2,1,1
931,3,9,3,4,1670,2,2,4,2,1,2,2,22,3,3,1,3,1,2,1
300,1,6,3,1,672,2,1,1,2,1,4,4,54,3,3,1,1,1,2,1
674,1,21,0,10,2580,4,2,4,5,1,2,4,41,1,3,1,2,2,1,1
665,1,24,1,0,6314,2,1,4,5,2,2,1,27,1,3,2,4,1,2,1
570,2,24,3,3,3234,2,2,4,2,1,4,4,23,3,2,1,2,1,2,1
163,3,10,3,1,7308,2,1,2,5,1,4,1,70,1,1,1,4,1,2,1
336,3,13,3,4,2101,2,2,2,2,3,4,3,23,3,3,1,2,1,1,1
59,2,36,1,3,6229,2,2,4,2,2,4,1,23,3,2,2,2,1,2,1
821,4,12,3,4,3016,2,3,3,3,1,1,2,24,3,3,1,3,1,1,1
933,1,12,1,4,522,4,5,4,5,1,4,3,42,3,3,2,3,2,2,1
490,1,12,1,4,1934,2,5,2,5,1,2,1,26,3,3,2,3,1,1,1
787,1,48,1,2,2751,1,5,4,5,1,3,2,38,3,3,2,3,2,2,1
449,3,15,0,6,1512,5,3,3,3,1,3,3,61,2,3,2,3,1,1,1
703,3,30,0,10,2503,3,5,4,5,1,2,3,41,2,3,2,3,1,1,1
437,1,24,1,1,1287,5,5,4,2,1,4,4,37,3,3,2,3,1,2,1
563,3,36,3,1,12389,1,3,1,5,1,4,1,37,3,1,1,3,1,2,1
720,4,9,2,4,1337,2,2,4,5,1,2,2,34,3,3,2,4,1,2,1
890,2,27,1,10,2442,2,5,4,5,1,4,2,43,2,3,4,4,2,2,1
219,1,10,3,1,1364,2,3,2,2,1,4,2,64,3,3,1,3,1,2,1
678,2,24,3,4,2384,2,5,4,5,1,4,4,64,1,2,1,2,1,1,1
586,2,9,1,1,2799,2,3,2,5,1,2,4,36,3,2,2,3,2,1,1
282,4,18,4,4,1445,1,4,4,5,1,4,2,49,1,3,1,2,1,1,1
348,1,6,0,10,1743,3,3,1,5,1,2,4,34,3,3,2,2,1,1,1
686,4,10,1,4,1347,1,4,4,5,1,2,3,27,3,3,2,3,1,2,1
4,2,24,0,1,4870,2,3,3,5,1,4,1,53,3,1,2,3,2,1,1
995,1,12,3,3,1736,2,4,3,2,1,4,4,31,3,3,1,2,1,1,1
463,3,12,3,9,754,1,5,4,5,1,4,3,38,3,3,2,3,1,1,1
776,1,36,1,1,3535,2,4,4,5,1,4,2,37,3,3,2,3,1,2,1
682,1,15,0,4,1478,2,3,4,3,1,3,4,33,1,3,2,3,1,1,1
879,1,30,1,4,6742,1,4,2,5,1,3,3,36,3,3,2,3,1,1,1
517,1,36,1,3,7127,2,2,2,2,1,4,3,23,3,2,2,3,1,2,1
573,2,15,3,10,806,2,3,4,2,1,4,3,22,3,3,1,2,1,1,1
793,4,24,3,3,2892,2,5,3,1,1,4,1,51,3,1,1,3,1,1,1
893,3,36,1,2,5800,2,3,3,5,1,4,2,34,3,3,2,3,1,2,1
534,1,24,3,4,3105,1,2,4,5,1,2,2,25,3,3,2,3,1,1,1
903,1,15,3,4,1386,1,3,4,3,1,2,4,40,3,2,1,3,1,2,1
276,1,18,1,4,2404,2,3,2,2,1,2,2,26,3,3,2,3,1,1,1
284,3,24,1,1,3878,3,2,4,1,1,2,2,37,3,3,1,3,1,2,1
470,3,24,3,4,3092,3,2,3,3,1,2,2,22,3,2,1,3,1,2,1
426,1,28,1,4,2743,2,5,4,5,1,2,2,29,3,3,2,3,1,1,1
281,1,12,3,3,1574,2,3,4,5,1,2,4,50,3,3,1,3,1,1,1
120,2,21,3,4,1835,2,3,3,2,1,2,4,25,3,3,2,3,1,2,1
593,3,24,3,1,2718,2,3,3,2,1,4,3,20,3,2,1,2,1,2,1
981,1,48,3,10,4844,2,1,3,5,1,2,2,33,1,2,1,4,1,2,1
13,2,24,1,1,1199,2,5,4,5,1,4,2,60,3,3,2,2,1,1,1
655,2,14,3,1,3973,2,1,1,5,1,4,1,22,3,1,1,3,1,1,1
455,1,24,3,2,2679,2,2,4,2,1,1,1,29,3,3,1,4,1,2,1
584,1,12,3,1,2133,1,5,4,2,1,4,1,52,3,1,1,4,1,2,1
955,2,24,1,4,1231,5,5,4,2,1,4,3,57,3,2,2,4,1,2,1
160,1,24,1,4,2872,3,5,3,5,1,4,4,36,3,3,1,3,2,2,1
977,3,18,0,10,2427,1,5,4,5,1,2,3,42,3,3,2,3,1,1,1
973,2,60,3,10,7297,2,5,4,5,2,4,1,36,3,2,1,3,1,1,1
715,1,30,1,2,7596,1,5,1,5,1,4,2,63,3,3,2,3,1,1,1
744,2,39,1,3,14179,1,4,4,5,1,4,3,30,3,3,2,4,1,2,1
195,3,9,1,7,1501,2,5,2,2,1,3,2,34,3,3,2,4,1,2,1
191,3,48,2,10,3844,3,4,4,5,1,4,1,34,3,1,1,2,2,1,1
628,1,42,1,3,4042,4,3,4,5,1,4,4,36,3,3,2,3,1,2,1
536,2,6,3,1,1374,1,1,4,2,1,3,3,75,3,3,1,4,1,2,1
880,1,24,3,2,7814,2,4,3,5,1,3,2,38,3,3,1,4,1,2,1
164,1,36,3,1,909,4,5,4,5,1,4,3,36,3,3,1,3,1,1,1
106,1,18,4,1,6458,2,5,2,5,1,4,1,39,1,3,2,4,2,2,1
16,1,24,1,4,2424,1,5,4,5,1,4,3,53,3,3,2,3,1,1,1
575,1,15,1,3,2788,2,4,2,2,2,3,2,24,1,3,2,3,1,1,1
925,2,12,4,1,697,2,2,4,5,1,2,2,46,1,3,2,3,1,2,1
712,1,21,3,2,2476,1,5,4,5,1,4,4,46,3,3,1,4,1,2,1
540,3,12,3,4,1534,2,2,1,3,1,1,4,23,3,2,1,3,1,1,1
329,3,6,3,4,1068,2,5,4,5,1,4,2,28,3,3,1,3,2,1,1
480,3,12,1,4,3573,2,3,1,2,1,1,4,23,3,3,1,2,1,1,1
498,3,18,3,4,1301,2,5,4,3,3,2,4,32,3,3,1,2,1,1,1
968,1,42,3,4,7166,1,4,2,3,1,4,3,29,3,2,1,3,1,2,1
405,3,24,3,4,2039,2,2,1,3,1,1,3,22,3,3,1,3,1,2,1
743,2,24,4,3,2483,4,3,4,5,1,4,4,22,2,3,1,3,1,2,1
93,4,24,1,3,3617,1,5,4,5,2,4,1,20,3,2,2,3,1,1,1
433,1,24,1,6,2058,2,3,4,1,1,2,4,33,3,3,2,3,1,2,1
83,2,24,3,0,1755,2,5,4,2,3,4,4,58,3,3,1,2,1,2,1
843,1,24,4,10,1559,2,4,4,5,1,4,2,50,1,3,1,3,1,2,1
914,2,24,4,10,3161,2,3,4,5,1,2,3,31,3,2,1,3,1,2,1
657,1,48,3,4,10222,1,4,4,5,1,3,2,37,2,3,1,3,1,2,1
414,2,24,3,1,1381,1,3,4,2,1,2,3,35,3,3,1,3,1,1,1
662,1,21,3,3,2241,2,5,4,5,1,2,4,50,3,3,2,3,1,1,1
978,1,24,0,1,2538,2,5,4,5,1,4,2,47,3,3,2,2,2,1,1
771,2,36,1,7,8065,2,3,3,2,1,2,1,25,3,3,2,4,1,2,1
728,3,48,4,10,6416,2,5,4,2,1,3,1,59,3,2,1,3,1,1,1
911,3,24,1,3,4736,2,2,2,2,1,4,2,25,1,3,1,2,1,1,1
807,1,12,1,4,930,1,5,4,5,1,4,4,65,3,3,4,3,1,1,1
322,2,24,3,2,2910,2,4,2,5,1,1,1,34,3,1,1,4,1,2,1
556,3,18,2,1,2278,3,2,3,2,1,3,2,28,3,3,2,3,1,1,1
357,1,36,0,4,4463,2,3,4,5,1,2,2,26,3,3,2,4,1,2,1
69,1,36,3,4,2394,1,3,4,2,1,4,2,25,3,3,1,3,1,1,1
514,1,24,3,1,2255,1,2,4,5,1,1,3,54,3,3,1,3,1,1,1
509,1,39,3,2,8588,3,5,4,5,1,2,2,45,3,3,1,4,1,2,1
340,3,24,1,7,5743,2,2,2,2,1,4,1,24,3,1,2,3,1,2,1
221,2,12,3,7,1200,1,3,4,2,1,4,3,23,1,2,1,3,1,2,1
928,1,30,3,4,1867,1,5,4,5,1,4,2,58,3,3,1,3,1,2,1
146,2,6,1,1,860,2,5,1,2,1,4,1,39,3,3,2,3,1,2,1
289,2,24,0,4,1024,2,2,4,3,1,4,4,48,2,3,1,3,1,1,1
29,2,60,0,10,6836,2,5,3,5,1,4,1,63,3,3,2,3,1,2,1
114,2,12,3,4,1680,4,5,3,3,1,1,4,35,3,3,1,3,1,1,1
508,1,24,3,4,1413,2,3,4,3,1,2,3,28,3,3,1,3,1,1,1
810,3,8,3,10,907,2,2,3,3,1,2,4,26,3,3,1,3,1,2,1
972,2,24,4,1,1193,2,1,1,2,2,4,1,29,3,2,2,1,1,1,1
176,2,12,3,3,2577,2,3,2,1,1,1,2,42,3,3,1,3,1,1,1
168,1,24,3,3,3972,2,4,2,2,1,4,3,25,3,2,1,3,1,2,1
347,3,24,3,4,3758,4,1,1,2,1,4,1,23,3,2,1,1,1,1,1
376,1,18,0,4,2320,2,1,2,3,1,3,4,34,3,3,2,3,1,1,1
764,1,24,1,1,2463,3,4,4,3,1,3,3,27,3,3,2,3,1,2,1
871,4,6,1,1,1343,2,5,1,5,1,4,4,46,3,3,2,3,2,1,2
889,1,28,4,2,7824,1,2,3,5,3,4,4,40,1,2,2,3,2,2,1
772,1,21,1,2,3275,2,5,1,5,1,4,2,36,3,3,1,4,1,2,1
189,3,18,2,3,3244,2,3,1,2,1,4,2,33,1,3,2,3,1,2,1
136,1,27,0,2,8613,5,3,2,5,1,2,2,27,3,3,2,3,1,1,1
446,2,36,3,1,1842,2,2,4,2,1,4,2,34,3,3,1,3,1,2,1
839,1,24,1,4,2611,2,5,4,3,2,3,4,46,3,3,2,3,1,1,1
254,3,9,3,3,2030,1,4,2,5,1,1,2,24,3,3,1,3,1,2,1
881,1,24,3,2,9277,1,3,2,1,1,4,1,48,3,1,1,3,1,2,1
290,1,12,3,10,1076,2,3,2,3,1,2,4,26,3,3,1,3,1,2,2
941,1,10,3,1,1546,2,3,3,5,1,2,4,31,3,3,1,2,2,1,2
954,2,12,3,1,1893,2,3,4,2,3,4,3,29,3,3,1,3,1,2,1
232,1,12,3,4,2141,3,4,3,5,1,1,1,35,3,3,1,3,1,1,1
645,1,36,0,10,7980,1,2,4,5,1,4,2,27,3,2,2,3,1,2,1
33,1,12,1,10,1264,1,5,4,5,1,4,1,57,3,2,1,2,1,1,1
88,2,18,3,1,2249,3,4,4,5,1,3,2,30,3,3,1,4,2,2,1
44,2,48,1,2,6143,2,5,4,2,1,4,1,58,2,1,2,2,1,1,1
341,2,21,3,3,3599,2,4,1,2,1,4,2,26,3,2,1,2,1,1,1
61,3,15,1,4,1537,1,5,4,5,3,4,4,50,3,3,2,3,1,2,1
953,1,36,3,3,10974,2,1,4,2,1,2,2,26,3,3,2,4,1,2,1
199,3,18,0,3,4297,2,5,4,1,1,3,1,40,3,3,1,4,1,2,1
429,2,18,1,6,1190,2,1,2,2,1,4,1,55,3,1,3,1,2,1,1
747,2,12,3,1,1274,2,2,3,2,1,1,4,37,3,3,1,2,1,1,1
394,1,9,1,3,2406,2,1,2,5,1,3,2,31,3,3,1,4,1,1,1
730,3,24,0,4,6403,2,2,1,5,1,2,2,33,3,3,1,3,1,1,1
297,1,10,3,1,1287,1,5,4,5,2,2,3,45,3,3,1,2,1,1,2
73,3,42,1,10,5954,2,4,2,2,1,1,4,41,1,3,2,2,1,1,1
393,2,6,1,4,1957,2,4,1,2,1,4,2,31,3,3,1,3,1,1,1
547,1,24,3,4,1552,2,4,3,5,1,1,2,32,1,3,1,3,2,1,1
579,1,24,3,9,937,2,2,4,3,1,3,2,27,3,3,2,2,1,1,1
541,1,24,0,1,2032,2,5,4,5,1,4,1,60,3,1,2,3,1,2,1
854,1,36,0,1,10875,2,5,2,5,1,2,2,45,3,3,2,3,2,2,1
833,3,24,3,4,5084,1,5,2,2,1,4,2,42,3,3,1,3,1,2,1
840,2,36,3,3,5179,2,4,4,5,1,2,3,29,3,3,1,3,1,1,1
663,3,6,0,3,1050,2,1,4,5,1,1,3,35,2,3,2,4,1,2,1
217,4,36,3,4,3913,2,3,2,5,1,2,4,23,3,3,1,3,1,2,1
539,4,18,3,3,3049,2,2,1,2,1,1,3,45,2,3,1,2,1,1,1
828,2,36,3,2,8335,1,5,3,5,1,4,1,47,3,1,1,3,1,1,1
623,2,12,3,3,1858,2,2,4,2,1,1,2,22,3,2,1,3,1,1,1
668,2,12,1,1,4843,2,5,3,5,2,4,3,43,3,2,2,3,1,2,1
824,1,18,1,3,3780,2,2,3,1,1,2,2,35,3,3,2,4,1,2,1
421,3,12,3,2,2028,1,3,4,5,1,2,2,30,3,3,1,3,1,1,1
694,1,24,3,4,2284,2,4,4,5,1,2,2,28,3,3,1,3,1,2,1
138,3,15,1,4,2728,1,4,4,5,3,2,4,35,1,3,3,3,1,2,1
212,2,27,2,10,5293,2,1,2,5,1,4,3,50,2,3,2,3,1,2,1
616,3,60,0,4,9157,1,3,2,5,1,2,1,27,3,1,1,4,1,1,1
842,1,18,3,6,1943,2,2,4,2,1,4,4,23,3,3,1,3,1,1,1
838,2,24,1,2,2957,2,5,4,5,1,4,3,63,3,3,2,3,1,2,1
866,2,18,3,4,2389,2,2,4,2,1,1,2,27,2,3,1,3,1,1,1
727,2,18,3,4,1882,2,3,4,2,1,4,2,25,1,2,2,3,1,1,1
965,3,30,3,4,1715,1,3,4,2,1,1,2,26,3,3,1,3,1,1,1
701,2,48,1,2,6331,2,5,4,5,1,4,1,46,3,1,2,3,1,2,1
726,1,15,1,4,1316,4,3,2,3,1,2,3,47,3,3,2,2,1,1,1
917,2,6,3,1,14896,2,5,1,5,1,4,1,68,1,3,1,4,1,2,1
716,1,30,1,4,3077,1,5,3,5,1,2,2,40,3,3,2,3,2,2,1
234,1,4,1,4,1544,2,4,2,5,1,1,4,42,3,3,3,2,2,1,1
67,3,12,3,1,1007,5,3,4,3,1,1,4,22,3,3,1,3,1,1,1
24,1,10,1,3,2069,1,3,2,3,1,1,2,26,3,3,2,3,1,1,2
381,3,18,3,2,12976,2,1,3,2,1,4,1,38,3,1,1,4,1,2,1
216,2,18,2,10,3104,2,4,3,5,1,1,3,31,1,3,1,3,1,2,1
735,3,36,4,5,3990,1,2,3,2,1,2,1,29,1,3,1,1,1,1,1
129,2,12,1,1,3499,2,3,3,2,2,2,4,29,3,3,2,3,1,1,1
349,3,9,1,7,1136,5,5,4,5,1,3,1,32,3,1,2,3,2,1,1
111,4,15,3,7,392,2,2,4,2,1,4,3,23,3,2,1,3,1,2,1
166,2,18,3,3,1131,2,1,4,2,1,2,2,33,3,3,1,3,1,1,1
207,3,12,1,5,1424,2,4,4,5,1,3,3,26,3,3,1,3,1,1,1
438,2,42,1,6,3394,2,1,4,5,2,4,2,65,3,3,2,1,1,1,1
552,2,48,3,4,6999,2,4,1,3,3,1,4,34,3,3,2,3,1,2,1
274,2,30,3,6,11998,2,2,1,1,1,1,1,34,3,3,1,2,1,2,1
974,1,30,1,4,2831,2,3,4,2,1,2,2,33,3,3,1,3,1,2,1
591,3,24,0,1,1965,1,3,4,2,1,4,2,42,3,2,2,3,1,2,1
800,1,24,1,7,1597,2,5,4,5,1,4,1,54,3,1,2,3,2,1,1
937,3,6,3,4,2063,2,2,4,3,1,3,2,30,3,2,1,4,1,2,1
525,3,26,3,2,7966,2,2,2,5,1,3,2,30,3,3,2,3,1,1,1
287,3,48,0,0,7582,3,1,2,5,1,4,1,31,3,1,1,4,1,2,1
469,1,24,0,2,4679,2,4,3,5,1,3,2,35,3,3,2,2,1,2,1
326,1,12,1,3,5801,1,5,2,5,1,4,3,49,3,2,1,3,1,2,1
121,1,24,1,2,3868,2,5,4,2,1,2,2,41,3,2,2,4,1,2,1
994,1,12,3,1,2390,1,5,4,5,1,3,2,50,3,3,1,3,1,2,1
507,3,15,4,1,6850,3,1,1,5,1,2,3,34,3,3,1,4,2,2,1
228,1,9,3,4,1478,2,4,4,5,1,2,2,22,3,3,1,3,1,1,1
673,1,6,1,1,2080,4,3,1,3,1,2,2,24,3,3,1,3,1,1,1
595,3,6,4,1,931,3,2,1,2,1,1,3,32,2,3,1,2,1,1,1
445,1,9,1,7,1244,1,5,4,2,1,4,3,41,3,2,2,2,1,1,1
117,2,10,1,3,2132,1,2,2,2,2,3,4,27,3,2,2,3,1,1,2
464,1,18,3,10,1950,2,4,4,5,1,1,2,34,2,3,2,3,1,2,1
25,2,6,3,3,1374,2,3,1,5,1,2,4,36,1,3,1,2,1,2,1
110,3,6,0,10,1449,3,5,1,1,1,2,2,31,1,3,2,3,2,1,1
149,1,18,1,4,1582,5,5,4,5,1,4,2,46,3,3,2,3,1,1,1
152,4,36,3,4,5848,2,3,4,5,1,1,2,24,3,3,1,3,1,1,1
528,2,36,3,4,2302,2,3,4,1,1,4,2,31,3,2,1,3,1,1,1
696,3,12,3,4,1103,2,4,4,5,3,3,4,29,3,3,2,3,1,1,2
621,1,18,1,1,1530,2,3,3,5,1,2,3,32,1,3,2,3,1,1,1
461,2,15,3,1,1721,2,2,2,5,1,3,4,36,3,3,1,3,1,1,1
598,1,18,1,1,2775,2,4,2,5,1,2,3,31,1,3,2,3,1,1,1
139,4,12,3,4,1881,2,3,2,2,1,2,2,44,3,2,1,2,1,2,1
749,1,15,3,2,3029,2,4,2,5,1,2,2,33,3,3,1,3,1,1,1
260,2,12,3,3,1657,2,3,2,5,1,2,4,27,3,3,1,3,1,1,1
961,3,21,0,1,2353,2,3,1,1,1,4,3,47,3,3,2,3,1,1,1
323,2,18,3,3,2659,5,3,4,5,1,2,2,28,3,3,1,3,1,1,1
897,1,12,1,3,1592,5,4,3,2,1,2,3,35,3,3,1,3,1,1,2
248,4,24,3,3,1925,2,3,2,5,1,2,4,26,3,3,1,3,1,1,1
450,1,36,1,2,11054,1,3,4,5,1,2,2,30,3,3,1,4,1,2,1
410,3,24,3,4,1967,2,5,4,2,1,4,2,20,3,3,1,3,1,2,1
607,3,36,3,4,2671,3,3,4,2,2,4,1,50,3,1,1,3,1,1,1
19,1,24,3,4,3430,4,5,3,5,1,2,2,31,3,3,1,3,2,2,1
328,4,36,3,4,4473,2,5,4,5,1,2,2,31,3,3,1,3,1,1,1
296,1,12,3,2,4675,1,2,1,2,1,4,2,20,3,2,1,3,1,1,1
269,1,24,3,4,999,1,5,4,5,1,2,2,25,3,3,2,3,1,1,1
226,3,48,3,4,10961,5,4,1,5,2,2,1,27,1,3,2,3,1,2,1
94,3,12,3,1,1318,5,5,4,5,1,4,4,54,3,3,1,3,1,2,1
515,2,6,1,1,609,2,4,4,2,1,3,3,37,3,3,2,3,1,1,2
841,1,21,0,2,2993,2,3,3,5,1,2,4,28,2,3,2,2,1,1,1
637,1,60,0,4,15653,2,4,2,5,1,4,2,21,3,3,2,3,1,2,1
280,1,15,1,2,3368,5,5,3,5,1,4,1,23,3,2,2,3,1,2,1
286,2,48,3,2,4788,2,4,4,5,1,3,3,26,3,3,1,3,2,1,1
589,2,12,1,3,2246,2,5,3,5,1,3,3,60,3,3,2,3,1,1,1
930,2,24,3,3,1747,2,2,4,5,2,1,3,24,3,3,1,2,1,1,2
444,3,48,1,3,5096,2,3,2,2,1,3,2,30,3,3,1,4,1,2,1
184,3,18,1,1,884,2,5,4,5,1,4,2,36,1,3,1,3,2,2,1
371,1,18,1,4,6070,2,5,3,5,1,4,2,33,3,3,2,3,1,2,1
872,2,24,1,10,1382,3,4,4,5,1,1,4,26,3,3,2,3,1,2,1
976,3,6,3,4,753,2,3,2,2,3,3,4,64,3,3,1,3,1,1,1
275,1,9,3,4,2697,2,3,1,5,1,2,4,32,3,3,1,3,2,1,1
806,3,6,3,4,590,2,2,3,3,1,3,4,26,3,3,1,2,1,1,2
935,3,30,0,4,1919,3,2,4,5,1,3,1,30,2,3,2,4,1,1,1
182,2,21,4,1,1647,1,3,4,5,1,2,3,40,3,3,2,2,2,1,1
32,3,18,3,1,5866,3,3,2,5,1,2,2,30,3,3,2,3,1,2,1
80,1,24,3,4,5943,1,2,1,2,1,1,2,44,3,3,2,3,1,2,1
307,2,12,3,4,727,3,2,4,3,1,3,1,33,3,3,1,2,1,2,1
770,2,24,3,2,2812,1,5,2,2,1,4,4,26,3,2,1,3,1,1,1
11,2,48,3,10,4308,2,2,3,2,1,4,3,24,3,2,1,3,1,1,1
43,2,30,1,2,6187,3,4,1,3,1,4,2,24,3,2,2,3,1,1,1
86,3,18,1,3,1295,2,2,4,2,1,1,3,27,3,3,2,3,1,1,1
778,1,36,1,2,5711,5,5,4,5,1,2,2,38,3,3,2,4,1,2,1
36,1,48,1,7,6110,2,3,1,5,1,3,1,31,1,1,1,3,1,2,1
980,3,30,1,3,8386,2,4,2,5,1,2,3,49,3,3,1,3,1,1,1
58,4,18,3,1,1961,2,5,3,2,1,2,2,23,3,3,1,4,1,1,1
41,3,12,3,4,1158,4,3,3,1,1,1,2,26,3,3,1,3,1,2,1
782,3,12,2,9,1410,2,3,2,5,1,2,4,31,3,3,1,2,1,2,1
411,1,33,1,2,7253,2,4,3,5,1,2,2,35,3,3,2,4,1,2,1
562,4,6,0,4,683,2,2,2,2,1,1,3,29,1,3,1,3,1,1,1
209,1,12,3,2,1413,5,4,3,5,1,2,3,55,3,3,1,3,1,1,2
148,2,36,1,3,5371,2,3,3,5,3,2,3,28,3,3,2,3,1,1,1
739,3,30,2,10,4280,3,3,4,2,1,4,2,26,3,2,2,2,1,1,1
594,2,24,4,0,1358,1,5,4,5,1,3,2,40,2,3,1,4,1,2,1
123,4,10,1,1,781,2,5,4,5,1,4,1,63,3,1,2,3,1,2,1
734,1,4,1,1,3380,2,4,1,2,1,1,4,37,3,3,1,3,2,1,1
574,3,9,3,4,1082,2,5,4,5,1,4,2,27,3,3,2,2,1,1,1
98,3,36,1,4,2337,2,5,4,5,1,4,4,36,3,3,1,3,1,1,1
377,1,7,0,4,846,1,5,3,5,1,4,1,36,3,1,1,3,1,1,1
130,3,48,3,1,8487,1,4,1,2,1,2,2,24,3,3,1,3,1,1,1
699,4,15,3,7,1905,2,5,4,5,1,4,2,40,3,2,1,4,1,2,1
23,3,12,1,2,1804,3,2,3,5,1,4,3,44,3,3,1,3,1,1,1
869,2,12,3,3,652,2,5,4,2,1,4,3,24,3,2,1,3,1,1,1
555,3,12,3,4,1331,2,2,2,5,1,1,2,22,2,3,1,3,1,1,1
370,1,36,3,1,3079,1,3,4,5,1,4,4,36,3,3,1,3,1,1,1
512,4,15,3,10,2687,2,4,2,5,1,4,3,26,3,2,1,3,1,2,1
383,4,12,3,1,1330,2,2,4,5,1,1,4,26,3,3,1,3,1,1,1
201,2,12,3,1,1168,2,3,4,3,1,3,4,27,3,3,1,2,1,1,1
368,2,36,3,3,3446,2,5,4,5,1,2,2,42,3,3,1,3,2,1,1
554,3,9,3,7,1199,2,4,4,2,1,4,3,67,3,3,2,4,1,2,1
610,2,12,3,5,741,3,1,4,2,1,3,3,22,3,3,1,3,1,1,1
387,3,18,1,3,7374,2,1,4,5,1,4,3,40,2,3,2,4,1,2,1
861,1,18,0,10,2169,2,3,4,3,1,2,2,28,3,3,1,3,1,2,1
816,1,6,3,5,1338,4,3,1,1,1,4,4,62,3,3,1,3,1,1,1
292,2,24,1,2,6419,2,5,2,2,1,4,1,44,3,1,2,4,2,2,1
690,2,15,1,3,975,2,3,2,1,1,3,3,25,3,3,2,3,1,1,1
256,1,24,1,4,2684,2,3,4,5,1,2,4,35,3,3,2,2,1,1,1
606,1,24,1,10,4526,2,3,3,5,1,2,4,74,3,3,1,4,1,2,1
197,3,12,3,3,951,3,2,4,2,1,4,2,27,1,2,4,3,1,1,1
95,3,54,2,10,15945,2,2,3,5,1,4,1,58,3,2,1,3,1,2,1
962,1,15,3,1,3556,1,3,3,5,1,2,1,29,3,3,1,3,1,1,1
943,1,4,1,1,1455,2,4,2,5,1,1,4,42,3,3,3,2,2,1,1
169,3,24,1,10,1935,2,5,4,1,1,4,4,31,3,3,2,3,1,2,1
581,3,12,1,1,3124,2,2,1,5,1,3,4,49,1,3,2,2,2,1,1
305,1,6,3,3,1543,5,3,4,1,1,2,4,33,3,3,1,3,1,1,1
560,2,24,3,2,2964,1,5,4,5,1,4,1,49,1,1,1,3,2,2,1
853,2,18,4,1,1442,2,4,4,5,1,4,1,32,3,1,2,2,2,1,1
373,1,60,1,1,13756,1,5,2,5,1,4,1,63,1,1,1,4,1,2,1
719,3,20,2,2,6148,3,5,3,3,1,4,2,31,1,3,2,3,1,2,1
791,1,24,3,2,6313,1,5,3,5,1,4,2,41,3,3,1,4,2,2,1
227,2,12,3,3,7865,2,5,4,5,1,4,1,53,3,1,1,4,1,2,1
660,4,12,3,4,1297,2,3,3,3,1,4,4,23,3,2,1,3,1,1,1
143,2,18,3,3,2462,2,3,2,5,1,2,2,22,3,3,1,3,1,1,1
846,1,18,3,1,6761,1,3,2,5,1,4,2,68,3,2,2,3,1,1,1
180,1,36,0,10,9572,2,2,1,1,1,1,2,28,3,3,2,3,1,1,1
868,1,36,3,10,7409,1,5,3,5,1,2,3,37,3,3,2,3,1,1,1
131,2,36,0,7,6887,2,3,4,5,1,3,3,29,2,3,1,3,1,2,1
949,1,24,3,4,3621,3,5,2,5,1,4,2,31,3,3,2,3,1,1,1
47,2,6,3,2,1352,4,1,1,2,1,2,3,23,3,2,1,1,1,2,1
774,4,12,1,1,1480,4,1,2,5,1,4,1,66,1,1,3,1,1,1,1
324,1,18,1,1,1028,2,3,4,2,1,3,4,36,3,3,2,3,1,1,1
203,2,12,3,9,902,2,4,4,3,1,4,3,21,3,2,1,3,1,1,1
84,2,10,3,4,2315,2,5,3,5,1,4,4,52,3,3,1,2,1,1,1
633,1,9,3,3,1980,2,2,2,2,2,2,2,19,3,2,2,3,1,1,1
565,3,24,0,4,1553,3,4,3,2,1,2,3,23,3,2,2,3,1,2,1
611,4,10,3,1,1240,3,5,1,2,1,4,1,48,3,1,1,2,2,1,1
398,3,12,3,1,1223,2,5,1,1,1,1,4,46,3,2,2,3,1,1,1
896,2,21,3,4,2606,2,2,4,2,1,4,3,28,3,2,1,4,1,2,1
91,2,12,1,2,1409,2,5,4,5,1,3,4,54,3,3,1,3,1,1,1
82,1,18,3,10,1568,3,3,3,2,1,4,3,24,3,2,1,2,1,1,1
430,1,5,3,10,3448,2,4,1,5,1,4,4,74,3,3,1,2,1,1,1
779,3,18,3,6,3872,2,1,2,2,1,4,2,67,3,3,1,3,1,2,1
119,3,12,1,1,2366,4,4,3,1,1,3,2,36,3,3,1,4,1,2,1
870,1,36,0,3,7678,4,4,2,2,1,4,2,40,3,3,2,3,1,2,1
291,3,36,3,2,9398,2,2,1,3,1,4,2,28,3,2,1,4,1,2,1
57,1,36,1,4,9566,2,3,2,2,1,2,2,31,2,3,2,3,1,1,1
321,2,24,3,4,1938,2,2,4,1,1,3,3,32,3,3,1,3,1,1,1
257,2,12,4,4,2149,2,3,4,1,1,1,1,29,3,1,1,3,1,1,1
888,1,36,1,1,6614,2,5,4,5,1,4,2,34,3,3,2,4,1,2,1
947,1,12,3,1,2859,1,1,4,5,1,4,1,38,3,3,1,4,1,2,1
442,3,20,0,0,2629,2,3,2,5,1,3,2,29,1,3,2,3,1,2,1
42,3,18,0,6,6204,2,3,2,5,1,4,4,44,3,3,1,2,2,2,1
617,2,6,1,1,3676,2,3,1,5,1,3,4,37,3,2,3,3,2,1,1
388,3,15,1,10,2326,4,3,2,5,1,4,2,27,1,3,1,3,1,1,1
335,2,6,1,3,3384,2,3,1,1,1,4,4,44,3,2,1,4,1,2,1
273,3,48,3,4,3060,2,4,4,5,1,4,4,28,3,3,2,3,1,1,1
756,4,6,1,1,1299,2,3,1,5,1,1,4,74,3,3,3,1,2,1,2
488,1,10,3,1,1418,3,3,3,5,1,2,4,35,3,2,1,2,1,1,2
550,1,12,1,6,996,1,4,4,2,1,4,4,23,3,3,2,3,1,1,1
901,1,20,1,1,3485,1,2,2,1,1,4,4,44,3,3,2,3,1,2,1
53,1,18,3,2,3378,1,3,2,5,1,1,3,31,3,3,1,3,1,2,1
932,1,9,1,1,1224,2,3,3,5,1,1,4,30,3,3,2,3,1,1,1
936,4,9,3,4,745,2,3,3,2,1,2,4,28,3,3,1,2,1,1,1
128,3,12,1,2,1860,2,1,4,5,1,2,2,34,3,3,2,4,1,2,1
802,2,20,1,3,4272,2,5,1,2,1,4,3,24,3,3,2,3,1,1,1
28,3,7,3,4,2415,2,3,3,5,3,2,4,34,3,3,1,3,1,1,1
183,1,24,1,3,3777,5,3,4,5,1,4,4,50,3,3,1,3,1,2,1
882,3,30,1,1,2181,1,5,4,5,1,4,4,36,3,3,2,3,1,1,1
459,1,18,3,4,4594,2,2,3,5,1,2,2,32,3,3,1,3,1,2,1
510,2,12,3,1,759,2,4,4,5,1,2,4,26,3,3,1,3,1,1,1
675,1,30,1,4,4530,2,4,4,2,1,4,2,26,3,2,1,4,1,2,1
151,1,10,3,4,1924,2,3,1,5,1,4,3,38,3,3,1,3,1,2,2
244,1,12,4,9,3447,4,3,4,2,1,3,4,35,3,3,1,2,2,1,1
714,3,60,3,1,14027,2,4,4,5,1,2,1,27,3,3,1,4,1,2,1
543,4,18,3,3,2864,2,3,2,5,1,1,4,34,3,3,1,2,2,1,1
544,1,12,1,1,1255,2,5,4,5,1,4,4,61,3,3,2,2,1,1,1
639,2,42,0,4,4370,2,4,3,5,1,2,3,26,1,3,2,3,2,2,1
697,1,12,1,1,926,2,1,1,2,1,2,3,38,3,3,1,1,1,1,1
265,3,15,3,4,802,2,5,4,5,1,3,2,37,3,3,1,3,2,1,1
288,3,12,3,4,1092,2,3,4,2,3,4,4,49,3,3,2,3,1,2,1
423,1,21,0,3,1591,3,4,4,5,1,3,4,34,3,3,2,4,1,1,1
910,1,36,0,4,4454,2,3,4,2,1,4,4,34,3,3,2,3,1,1,1
147,1,12,1,1,682,3,4,4,2,1,3,2,51,3,3,2,3,1,2,1
659,3,18,1,3,6361,2,5,2,5,1,1,1,41,3,3,1,3,1,2,1
797,1,12,1,3,1258,2,2,2,2,1,4,3,22,3,2,2,2,1,1,1
966,3,27,1,4,2520,4,3,4,5,1,2,3,23,3,3,2,2,1,1,1
177,2,6,1,4,338,4,5,4,5,1,4,2,52,3,3,2,3,1,1,1
99,3,20,0,2,7057,1,4,3,5,1,4,3,36,1,2,2,4,2,2,1
850,2,20,1,1,2235,2,3,4,3,3,2,3,33,1,2,2,3,1,1,2
448,4,12,3,3,1424,1,5,3,2,1,4,4,55,3,3,1,4,1,2,1
431,3,24,3,0,11328,2,3,2,5,2,3,2,29,1,3,2,4,1,2,1
847,1,24,3,1,1249,2,2,4,3,1,2,4,28,3,3,1,3,1,1,1
709,3,9,3,4,2118,2,3,2,5,1,2,4,37,3,3,1,2,2,1,1
755,2,24,3,1,1285,1,4,4,2,1,4,1,32,3,2,1,3,1,1,1
115,1,48,1,4,3578,1,5,4,5,1,1,4,47,3,3,1,3,1,2,1
916,1,10,3,2,2848,3,3,1,5,2,2,4,32,3,3,1,3,2,1,1
777,2,18,3,4,3509,2,4,4,2,3,1,4,25,3,3,1,3,1,1,1
72,2,8,1,0,1164,2,5,3,5,1,4,1,51,1,1,2,4,2,2,1
845,3,21,3,3,3976,1,4,2,5,1,3,2,35,3,3,1,3,1,2,1
537,3,18,1,3,3612,2,5,3,2,1,4,3,37,3,3,1,3,1,2,1
677,3,72,3,4,5595,3,3,2,3,1,2,2,24,3,3,1,3,1,1,1
849,2,12,3,4,709,2,5,4,5,1,4,4,57,2,3,1,2,1,1,1
983,2,36,3,2,8229,2,3,2,5,1,2,3,26,3,3,1,3,2,1,1
174,2,21,0,7,3414,2,2,2,5,1,1,3,26,3,3,2,3,1,1,1
87,3,36,3,7,12612,3,3,1,5,1,4,1,47,3,1,1,3,2,2,1
551,1,6,4,4,1750,4,5,2,5,1,4,3,45,1,3,1,2,2,1,1
486,1,12,3,4,3077,2,3,2,5,1,4,2,52,3,3,1,3,1,2,1
705,1,15,3,1,5324,4,5,1,2,1,4,1,35,3,1,1,3,1,1,1
314,4,4,3,1,1494,1,2,1,5,1,2,4,29,3,3,1,2,2,1,2
396,2,12,3,3,2578,2,1,3,2,1,4,1,55,3,1,1,4,1,1,1
600,3,7,3,4,2329,2,2,1,2,3,1,4,45,3,3,1,3,1,1,1
472,2,9,3,1,654,2,3,4,5,1,3,2,28,3,3,1,2,1,1,1
70,1,36,3,2,8133,2,3,1,2,1,2,3,30,1,3,1,3,1,1,1
599,1,24,0,10,3863,2,3,1,5,1,2,1,32,3,1,1,3,1,1,1
804,3,12,3,1,7472,1,1,1,2,1,2,4,24,3,2,1,1,1,1,1
754,1,12,0,6,1555,5,5,4,5,1,4,1,55,3,1,2,3,2,1,1
277,2,12,3,3,1262,1,5,2,1,1,4,3,49,3,3,1,2,1,2,1
723,3,9,3,4,790,4,3,4,2,1,3,4,66,3,3,1,2,1,1,1
9,3,30,1,1,5234,2,1,4,3,1,2,2,28,3,3,2,4,1,1,1
359,2,30,3,3,2406,2,4,4,2,1,4,4,23,3,2,1,3,1,1,1
707,3,12,2,3,2969,2,2,4,2,1,3,3,25,3,2,2,3,1,1,1
763,1,21,1,1,12680,1,5,4,5,1,4,1,30,3,1,1,4,1,2,1
835,2,12,2,1,1082,2,3,4,5,1,4,2,48,1,3,2,3,1,1,1
192,3,27,3,10,3915,2,3,4,5,1,2,2,36,3,3,1,3,2,2,1
629,1,9,3,7,3832,1,5,1,5,1,4,4,64,3,3,1,2,1,1,1
559,3,18,1,3,1928,2,2,2,5,1,2,4,31,3,3,2,2,1,1,1
684,3,36,0,10,9857,3,4,1,5,1,3,3,31,3,3,2,2,2,2,1
